[{"@_fa": "true", "load-date": "2021-03-02T00:00:00.000Z", "link": [{"@_fa": "true", "@ref": "self", "@href": "https://api.elsevier.com/content/article/pii/S235214652100329X"}, {"@_fa": "true", "@ref": "scidir", "@href": "https://www.sciencedirect.com/science/article/pii/S235214652100329X?dgcid=api_sd_search-api-endpoint"}], "dc:identifier": "DOI:10.1016/j.trpro.2021.02.149", "prism:url": "https://api.elsevier.com/content/article/pii/S235214652100329X", "dc:title": "Strategic Procurement of Resources for Transportation: Architectural and Methodological Issues", "dc:creator": "Konstantin Frolov", "prism:publicationName": "Transportation Research Procedia", "prism:volume": "54", "prism:coverDate": "2021-12-31", "prism:startingPage": "945", "prism:endingPage": "952", "prism:doi": "10.1016/j.trpro.2021.02.149", "openaccess": true, "pii": "S235214652100329X", "authors": {"author": [{"$": "Konstantin Frolov"}, {"$": "Viktoria Iliashenko"}, {"$": "Alena Ershova"}]}}, {"@_fa": "true", "load-date": "2020-06-26T00:00:00.000Z", "link": [{"@_fa": "true", "@ref": "self", "@href": "https://api.elsevier.com/content/article/pii/S209526352030042X"}, {"@_fa": "true", "@ref": "scidir", "@href": "https://www.sciencedirect.com/science/article/pii/S209526352030042X?dgcid=api_sd_search-api-endpoint"}], "dc:identifier": "DOI:10.1016/j.foar.2020.05.005", "prism:url": "https://api.elsevier.com/content/article/pii/S209526352030042X", "dc:title": "Wayfinding design in transportation architecture \u2013 are saliency models or designer visual attention a good predictor of passenger visual attention?", "dc:creator": "Ran Xu", "prism:publicationName": "Frontiers of Architectural Research", "prism:volume": "9", "prism:coverDate": "2020-12-31", "prism:startingPage": "726", "prism:endingPage": "738", "prism:doi": "10.1016/j.foar.2020.05.005", "openaccess": true, "pii": "S209526352030042X", "authors": {"author": [{"$": "Ran Xu"}, {"$": "Haishan Xia"}, {"$": "Mei Tian"}]}}, {"@_fa": "true", "load-date": "2019-09-17T00:00:00.000Z", "link": [{"@_fa": "true", "@ref": "self", "@href": "https://api.elsevier.com/content/article/pii/S1389041719304772"}, {"@_fa": "true", "@ref": "scidir", "@href": "https://www.sciencedirect.com/science/article/pii/S1389041719304772?dgcid=api_sd_search-api-endpoint"}], "dc:identifier": "DOI:10.1016/j.cogsys.2019.09.011", "prism:url": "https://api.elsevier.com/content/article/pii/S1389041719304772", "dc:title": "The TROCA Project: An autonomous transportation robot controlled by a cognitive architecture", "dc:creator": "Ricardo Gudwin", "prism:publicationName": "Cognitive Systems Research", "prism:volume": "59", "prism:coverDate": "2020-01-31", "prism:startingPage": "179", "prism:endingPage": "197", "prism:doi": "10.1016/j.cogsys.2019.09.011", "openaccess": false, "pii": "S1389041719304772", "authors": {"author": [{"$": "Ricardo Gudwin"}, {"$": "Eric Rohmer"}, {"$": "Aneta Vulgarakis Feljan"}]}}, {"@_fa": "true", "load-date": "2018-11-30T00:00:00.000Z", "link": [{"@_fa": "true", "@ref": "self", "@href": "https://api.elsevier.com/content/article/pii/S1389128618312969"}, {"@_fa": "true", "@ref": "scidir", "@href": "https://www.sciencedirect.com/science/article/pii/S1389128618312969?dgcid=api_sd_search-api-endpoint"}], "dc:identifier": "DOI:10.1016/j.comnet.2018.11.035", "prism:url": "https://api.elsevier.com/content/article/pii/S1389128618312969", "dc:title": "5G-enabled Hierarchical architecture for software-defined intelligent transportation system", "dc:creator": "Sadia Din", "prism:publicationName": "Computer Networks", "prism:volume": "150", "prism:coverDate": "2019-02-26", "prism:startingPage": "81", "prism:endingPage": "89", "prism:doi": "10.1016/j.comnet.2018.11.035", "openaccess": false, "pii": "S1389128618312969", "authors": {"author": [{"$": "Sadia Din"}, {"$": "Anand Paul"}, {"$": "Abdul Rehman"}]}}, {"@_fa": "true", "load-date": "2018-12-17T00:00:00.000Z", "link": [{"@_fa": "true", "@ref": "self", "@href": "https://api.elsevier.com/content/article/pii/S2210650218300853"}, {"@_fa": "true", "@ref": "scidir", "@href": "https://www.sciencedirect.com/science/article/pii/S2210650218300853?dgcid=api_sd_search-api-endpoint"}], "dc:identifier": "DOI:10.1016/j.swevo.2018.12.004", "prism:url": "https://api.elsevier.com/content/article/pii/S2210650218300853", "dc:title": "An immune network based distributed architecture to control public bus transportation systems", "dc:creator": "Salima Mnif", "prism:publicationName": "Swarm and Evolutionary Computation", "prism:volume": "50", "prism:coverDate": "2019-11-30", "prism:startingPage": "100478", "prism:doi": "10.1016/j.swevo.2018.12.004", "openaccess": false, "pii": "S2210650218300853", "authors": {"author": [{"$": "Salima Mnif"}, {"$": "Sabeur Elkosantini"}, {"$": "Lamjed Ben Said"}]}}, {"@_fa": "true", "load-date": "2018-09-20T00:00:00.000Z", "link": [{"@_fa": "true", "@ref": "self", "@href": "https://api.elsevier.com/content/article/pii/S0957417418305657"}, {"@_fa": "true", "@ref": "scidir", "@href": "https://www.sciencedirect.com/science/article/pii/S0957417418305657?dgcid=api_sd_search-api-endpoint"}], "dc:identifier": "DOI:10.1016/j.eswa.2018.08.052", "prism:url": "https://api.elsevier.com/content/article/pii/S0957417418305657", "dc:title": "Assessing the performances of different neural network architectures for the detection of screams and shouts in public transportation", "dc:creator": "Pierre Laffitte", "prism:publicationName": "Expert Systems with Applications", "prism:volume": "117", "prism:coverDate": "2019-03-01", "prism:startingPage": "29", "prism:endingPage": "41", "prism:doi": "10.1016/j.eswa.2018.08.052", "openaccess": false, "pii": "S0957417418305657", "authors": {"author": [{"$": "Pierre Laffitte"}, {"$": "Yun Wang"}, {"$": "Laurent Girin"}]}}, {"@_fa": "true", "load-date": "2020-11-01T00:00:00.000Z", "link": [{"@_fa": "true", "@ref": "self", "@href": "https://api.elsevier.com/content/article/pii/S2095756420301409"}, {"@_fa": "true", "@ref": "scidir", "@href": "https://www.sciencedirect.com/science/article/pii/S2095756420301409?dgcid=api_sd_search-api-endpoint"}], "dc:identifier": "DOI:10.1016/j.jtte.2020.07.003", "prism:url": "https://api.elsevier.com/content/article/pii/S2095756420301409", "dc:title": "Sustainable transit vehicle tracking service, using intelligent transportation system services and emerging communication technologies: A review", "dc:creator": "Ricardo Salazar-Cabrera", "prism:publicationName": "Journal of Traffic and Transportation Engineering (English Edition)", "prism:volume": "7", "prism:coverDate": "2020-12-31", "prism:startingPage": "729", "prism:endingPage": "747", "prism:doi": "10.1016/j.jtte.2020.07.003", "openaccess": true, "pii": "S2095756420301409", "authors": {"author": [{"$": "Ricardo Salazar-Cabrera"}, {"$": "\u00c1lvaro Pach\u00f3n de la Cruz"}, {"$": "Juan Manuel Madrid Molina"}]}}, {"@_fa": "true", "load-date": "2018-08-03T00:00:00.000Z", "link": [{"@_fa": "true", "@ref": "self", "@href": "https://api.elsevier.com/content/article/pii/B9780128142950000022"}, {"@_fa": "true", "@ref": "scidir", "@href": "https://www.sciencedirect.com/science/article/pii/B9780128142950000022?dgcid=api_sd_search-api-endpoint"}], "dc:identifier": "DOI:10.1016/B978-0-12-814295-0.00002-2", "prism:url": "https://api.elsevier.com/content/article/pii/B9780128142950000022", "dc:title": "2: Architectures of Transportation Cyber-Physical Systems", "dc:creator": "John D. McGregor", "prism:publicationName": "Transportation Cyber-Physical Systems", "prism:coverDate": "2018-12-31", "prism:startingPage": "21", "prism:endingPage": "49", "prism:doi": "10.1016/B978-0-12-814295-0.00002-2", "openaccess": false, "pii": "B9780128142950000022", "authors": {"author": [{"$": "John D. McGregor"}, {"$": "Roselane S. Silva"}, {"$": "Eduardo S. Almeida"}]}}, {"@_fa": "true", "load-date": "2021-03-02T00:00:00.000Z", "link": [{"@_fa": "true", "@ref": "self", "@href": "https://api.elsevier.com/content/article/pii/S2352146521003264"}, {"@_fa": "true", "@ref": "scidir", "@href": "https://www.sciencedirect.com/science/article/pii/S2352146521003264?dgcid=api_sd_search-api-endpoint"}], "dc:identifier": "DOI:10.1016/j.trpro.2021.02.147", "prism:url": "https://api.elsevier.com/content/article/pii/S2352146521003264", "dc:title": "Developing a Traffic Management System Architecture Model", "dc:creator": "Vadim Korablev", "prism:publicationName": "Transportation Research Procedia", "prism:volume": "54", "prism:coverDate": "2021-12-31", "prism:startingPage": "918", "prism:endingPage": "926", "prism:doi": "10.1016/j.trpro.2021.02.147", "openaccess": true, "pii": "S2352146521003264", "authors": {"author": [{"$": "Vadim Korablev"}, {"$": "Dayana Gugutishvili"}, {"$": "Berry Gerrits"}]}}, {"@_fa": "true", "load-date": "2017-03-06T00:00:00.000Z", "link": [{"@_fa": "true", "@ref": "self", "@href": "https://api.elsevier.com/content/article/pii/S1877705817301042"}, {"@_fa": "true", "@ref": "scidir", "@href": "https://www.sciencedirect.com/science/article/pii/S1877705817301042?dgcid=api_sd_search-api-endpoint"}], "dc:identifier": "DOI:10.1016/j.proeng.2017.01.104", "prism:url": "https://api.elsevier.com/content/article/pii/S1877705817301042", "dc:title": "Hierarchical Criterion Approach for Architecture Structure Selection of Transportation Software", "dc:creator": "Sergey Orlov", "prism:publicationName": "Procedia Engineering", "prism:volume": "178", "prism:coverDate": "2017-12-31", "prism:startingPage": "233", "prism:endingPage": "242", "prism:doi": "10.1016/j.proeng.2017.01.104", "openaccess": true, "pii": "S1877705817301042", "authors": {"author": [{"$": "Sergey Orlov"}, {"$": "Andrei Vishnyakov"}]}}, {"@_fa": "true", "load-date": "2017-06-12T00:00:00.000Z", "link": [{"@_fa": "true", "@ref": "self", "@href": "https://api.elsevier.com/content/article/pii/S187705091731133X"}, {"@_fa": "true", "@ref": "scidir", "@href": "https://www.sciencedirect.com/science/article/pii/S187705091731133X?dgcid=api_sd_search-api-endpoint"}], "dc:identifier": "DOI:10.1016/j.procs.2017.05.451", "prism:url": "https://api.elsevier.com/content/article/pii/S187705091731133X", "dc:title": "Beacon-based context-aware architecture for crowd sensing public transportation scheduling and user habits", "dc:creator": "Danilo Cianciulli", "prism:publicationName": "Procedia Computer Science", "prism:volume": "109", "prism:coverDate": "2017-12-31", "prism:startingPage": "1110", "prism:endingPage": "1115", "prism:doi": "10.1016/j.procs.2017.05.451", "openaccess": true, "pii": "S187705091731133X", "authors": {"author": [{"$": "Danilo Cianciulli"}, {"$": "Gerardo Canfora"}, {"$": "Eugenio Zimeo"}]}}, {"@_fa": "true", "load-date": "2017-07-12T00:00:00.000Z", "link": [{"@_fa": "true", "@ref": "self", "@href": "https://api.elsevier.com/content/article/pii/S1877050917312796"}, {"@_fa": "true", "@ref": "scidir", "@href": "https://www.sciencedirect.com/science/article/pii/S1877050917312796?dgcid=api_sd_search-api-endpoint"}], "dc:identifier": "DOI:10.1016/j.procs.2017.06.101", "prism:url": "https://api.elsevier.com/content/article/pii/S1877050917312796", "dc:title": "A New Approach on Communications Architectures for Intelligent Transportation Systems", "dc:creator": "Susana Sousa", "prism:publicationName": "Procedia Computer Science", "prism:volume": "110", "prism:coverDate": "2017-12-31", "prism:startingPage": "320", "prism:endingPage": "327", "prism:doi": "10.1016/j.procs.2017.06.101", "openaccess": true, "pii": "S1877050917312796", "authors": {"author": [{"$": "Susana Sousa"}, {"$": "Alexandre Santos"}, {"$": "\u00d3scar Gama"}]}}, {"@_fa": "true", "load-date": "2015-06-24T00:00:00.000Z", "link": [{"@_fa": "true", "@ref": "self", "@href": "https://api.elsevier.com/content/article/pii/S037843711500566X"}, {"@_fa": "true", "@ref": "scidir", "@href": "https://www.sciencedirect.com/science/article/pii/S037843711500566X?dgcid=api_sd_search-api-endpoint"}], "dc:identifier": "DOI:10.1016/j.physa.2015.06.013", "prism:url": "https://api.elsevier.com/content/article/pii/S037843711500566X", "dc:title": "Monte Carlo tests of small-world architecture for coarse-grained networks of the United States railroad and highway transportation systems", "dc:creator": "Preston R. Aldrich", "prism:publicationName": "Physica A: Statistical Mechanics and its Applications", "prism:volume": "438", "prism:coverDate": "2015-11-15", "prism:startingPage": "32", "prism:endingPage": "39", "prism:doi": "10.1016/j.physa.2015.06.013", "openaccess": false, "pii": "S037843711500566X", "authors": {"author": [{"$": "Preston R. Aldrich"}, {"$": "Jermeen El-Zabet"}, {"$": "Cynthia D. Huebner"}]}}, {"@_fa": "true", "load-date": "2021-02-02T00:00:00.000Z", "link": [{"@_fa": "true", "@ref": "self", "@href": "https://api.elsevier.com/content/article/pii/S2210539521000031"}, {"@_fa": "true", "@ref": "scidir", "@href": "https://www.sciencedirect.com/science/article/pii/S2210539521000031?dgcid=api_sd_search-api-endpoint"}], "dc:identifier": "DOI:10.1016/j.rtbm.2021.100620", "prism:url": "https://api.elsevier.com/content/article/pii/S2210539521000031", "dc:title": "Blockchain applications and architectures for port operations and logistics management", "dc:creator": "Raja Wasim Ahmad", "prism:publicationName": "Research in Transportation Business & Management", "prism:coverDate": "2021-02-02", "prism:startingPage": "100620", "prism:doi": "10.1016/j.rtbm.2021.100620", "openaccess": false, "pii": "S2210539521000031", "authors": {"author": [{"$": "Raja Wasim Ahmad"}, {"$": "Haya Hasan"}, {"$": "Mohammed Omar"}]}}, {"@_fa": "true", "load-date": "2020-02-01T00:00:00.000Z", "link": [{"@_fa": "true", "@ref": "self", "@href": "https://api.elsevier.com/content/article/pii/S2452414X20300030"}, {"@_fa": "true", "@ref": "scidir", "@href": "https://www.sciencedirect.com/science/article/pii/S2452414X20300030?dgcid=api_sd_search-api-endpoint"}], "dc:identifier": "DOI:10.1016/j.jii.2020.100127", "prism:url": "https://api.elsevier.com/content/article/pii/S2452414X20300030", "dc:title": "Integrating IoT with LQR-PID controller for online surveillance and control of flow and pressure in fluid transportation system", "dc:creator": "E. B. Priyanka", "prism:publicationName": "Journal of Industrial Information Integration", "prism:volume": "17", "prism:coverDate": "2020-03-31", "prism:startingPage": "100127", "prism:doi": "10.1016/j.jii.2020.100127", "openaccess": false, "pii": "S2452414X20300030", "authors": {"author": [{"$": "E. B. Priyanka"}, {"$": "C. Maheswari"}, {"$": "M. Ponni Bala"}]}}, {"@_fa": "true", "load-date": "2020-11-02T00:00:00.000Z", "link": [{"@_fa": "true", "@ref": "self", "@href": "https://api.elsevier.com/content/article/pii/S2352146520307791"}, {"@_fa": "true", "@ref": "scidir", "@href": "https://www.sciencedirect.com/science/article/pii/S2352146520307791?dgcid=api_sd_search-api-endpoint"}], "dc:identifier": "DOI:10.1016/j.trpro.2020.10.033", "prism:url": "https://api.elsevier.com/content/article/pii/S2352146520307791", "dc:title": "Introduction into cognitive multimodal transportation systems", "dc:creator": "Vladimir Komashinskiy", "prism:publicationName": "Transportation Research Procedia", "prism:volume": "50", "prism:coverDate": "2020-12-31", "prism:startingPage": "273", "prism:endingPage": "279", "prism:doi": "10.1016/j.trpro.2020.10.033", "openaccess": true, "pii": "S2352146520307791", "authors": {"author": [{"$": "Vladimir Komashinskiy"}, {"$": "Igor Malygin"}, {"$": "Oleg Korolev"}]}}, {"@_fa": "true", "load-date": "2012-11-12T00:00:00.000Z", "link": [{"@_fa": "true", "@ref": "self", "@href": "https://api.elsevier.com/content/article/pii/S1877042812042188"}, {"@_fa": "true", "@ref": "scidir", "@href": "https://www.sciencedirect.com/science/article/pii/S1877042812042188?dgcid=api_sd_search-api-endpoint"}], "dc:identifier": "DOI:10.1016/j.sbspro.2012.09.756", "prism:url": "https://api.elsevier.com/content/article/pii/S1877042812042188", "dc:title": "Multi-agent Architecture with Space-time Components for the Simulation of Urban Transportation Systems", "dc:creator": "Quoc Tuan Nguyen", "prism:publicationName": "Procedia - Social and Behavioral Sciences", "prism:volume": "54", "prism:coverDate": "2012-10-04", "prism:startingPage": "365", "prism:endingPage": "374", "prism:doi": "10.1016/j.sbspro.2012.09.756", "openaccess": true, "pii": "S1877042812042188", "authors": {"author": [{"$": "Quoc Tuan Nguyen"}, {"$": "Alain Bouju"}, {"$": "Pascal Estraillier"}]}}, {"@_fa": "true", "load-date": "2016-04-21T00:00:00.000Z", "link": [{"@_fa": "true", "@ref": "self", "@href": "https://api.elsevier.com/content/article/pii/S1474667015347480"}, {"@_fa": "true", "@ref": "scidir", "@href": "https://www.sciencedirect.com/science/article/pii/S1474667015347480?dgcid=api_sd_search-api-endpoint"}], "dc:identifier": "DOI:10.3182/20120912-3-BG-2031.00013", "prism:url": "https://api.elsevier.com/content/article/pii/S1474667015347480", "dc:title": "Network-centric simulation of complex transportation systems based on an extended HLA integration architecture", "dc:creator": "G. Kirov", "prism:publicationName": "IFAC Proceedings Volumes", "prism:volume": "45", "prism:coverDate": "2012-09-30", "prism:startingPage": "66", "prism:endingPage": "71", "prism:doi": "10.3182/20120912-3-BG-2031.00013", "openaccess": false, "pii": "S1474667015347480", "authors": {"author": [{"$": "G. Kirov"}, {"$": "V. Stoyanov"}, {"$": "B. Lazarov"}]}}, {"@_fa": "true", "load-date": "2009-06-26T00:00:00.000Z", "link": [{"@_fa": "true", "@ref": "self", "@href": "https://api.elsevier.com/content/article/pii/S0149718909000561"}, {"@_fa": "true", "@ref": "scidir", "@href": "https://www.sciencedirect.com/science/article/pii/S0149718909000561?dgcid=api_sd_search-api-endpoint"}], "dc:identifier": "DOI:10.1016/j.evalprogplan.2009.06.012", "prism:url": "https://api.elsevier.com/content/article/pii/S0149718909000561", "dc:title": "An operational information systems architecture for assessing sustainable transportation planning: principles and design", "dc:creator": "Maria Teresa Borzacchiello", "prism:publicationName": "Evaluation and Program Planning", "prism:volume": "32", "prism:coverDate": "2009-11-30", "prism:startingPage": "381", "prism:endingPage": "389", "prism:doi": "10.1016/j.evalprogplan.2009.06.012", "openaccess": false, "pii": "S0149718909000561", "authors": {"author": [{"$": "Maria Teresa Borzacchiello"}, {"$": "Vincenzo Torrieri"}, {"$": "Peter Nijkamp"}]}}, {"@_fa": "true", "load-date": "2020-06-22T00:00:00.000Z", "link": [{"@_fa": "true", "@ref": "self", "@href": "https://api.elsevier.com/content/article/pii/S2095263520300406"}, {"@_fa": "true", "@ref": "scidir", "@href": "https://www.sciencedirect.com/science/article/pii/S2095263520300406?dgcid=api_sd_search-api-endpoint"}], "dc:identifier": "DOI:10.1016/j.foar.2020.05.003", "prism:url": "https://api.elsevier.com/content/article/pii/S2095263520300406", "dc:title": "Defensible citadel: History and architectural character of the Lahore Railway Station", "dc:creator": "Naubada Ali", "prism:publicationName": "Frontiers of Architectural Research", "prism:volume": "9", "prism:coverDate": "2020-12-31", "prism:startingPage": "805", "prism:endingPage": "819", "prism:doi": "10.1016/j.foar.2020.05.003", "openaccess": true, "pii": "S2095263520300406", "authors": {"author": [{"$": "Naubada Ali"}, {"$": "Zhou Qi"}]}}, {"@_fa": "true", "load-date": "2020-09-18T00:00:00.000Z", "link": [{"@_fa": "true", "@ref": "self", "@href": "https://api.elsevier.com/content/article/pii/S0094576520305567"}, {"@_fa": "true", "@ref": "scidir", "@href": "https://www.sciencedirect.com/science/article/pii/S0094576520305567?dgcid=api_sd_search-api-endpoint"}], "dc:identifier": "DOI:10.1016/j.actaastro.2020.09.016", "prism:url": "https://api.elsevier.com/content/article/pii/S0094576520305567", "dc:title": "Fast Solar System transportation with electric propulsion powered by directed energy", "dc:creator": "Todd F. Sheerin", "prism:publicationName": "Acta Astronautica", "prism:volume": "179", "prism:coverDate": "2021-02-28", "prism:startingPage": "78", "prism:endingPage": "87", "prism:doi": "10.1016/j.actaastro.2020.09.016", "openaccess": false, "pii": "S0094576520305567", "authors": {"author": [{"$": "Todd F. Sheerin"}, {"$": "Elaine Petro"}, {"$": "Philip Lubin"}]}}, {"@_fa": "true", "load-date": "2021-03-02T00:00:00.000Z", "link": [{"@_fa": "true", "@ref": "self", "@href": "https://api.elsevier.com/content/article/pii/S2352146521003203"}, {"@_fa": "true", "@ref": "scidir", "@href": "https://www.sciencedirect.com/science/article/pii/S2352146521003203?dgcid=api_sd_search-api-endpoint"}], "dc:identifier": "DOI:10.1016/j.trpro.2021.02.141", "prism:url": "https://api.elsevier.com/content/article/pii/S2352146521003203", "dc:title": "Nuclear Waste Transportation: Quality Assurance and Control", "dc:creator": "Manfred Esser", "prism:publicationName": "Transportation Research Procedia", "prism:volume": "54", "prism:coverDate": "2021-12-31", "prism:startingPage": "871", "prism:endingPage": "882", "prism:doi": "10.1016/j.trpro.2021.02.141", "openaccess": true, "pii": "S2352146521003203", "authors": {"author": [{"$": "Manfred Esser"}, {"$": "Alexandra Borremans"}, {"$": "Anton Shaban"}]}}, {"@_fa": "true", "load-date": "2021-03-02T00:00:00.000Z", "link": [{"@_fa": "true", "@ref": "self", "@href": "https://api.elsevier.com/content/article/pii/S2352146521003306"}, {"@_fa": "true", "@ref": "scidir", "@href": "https://www.sciencedirect.com/science/article/pii/S2352146521003306?dgcid=api_sd_search-api-endpoint"}], "dc:identifier": "DOI:10.1016/j.trpro.2021.02.150", "prism:url": "https://api.elsevier.com/content/article/pii/S2352146521003306", "dc:title": "Digitalization of Arctic Logistics Management Systems for Oil Transportation", "dc:creator": "Roman Marchenko", "prism:publicationName": "Transportation Research Procedia", "prism:volume": "54", "prism:coverDate": "2021-12-31", "prism:startingPage": "953", "prism:endingPage": "960", "prism:doi": "10.1016/j.trpro.2021.02.150", "openaccess": true, "pii": "S2352146521003306", "authors": {"author": [{"$": "Roman Marchenko"}, {"$": "Anastasia Babyr"}]}}, {"@_fa": "true", "load-date": "2020-04-27T00:00:00.000Z", "link": [{"@_fa": "true", "@ref": "self", "@href": "https://api.elsevier.com/content/article/pii/S0968090X19305868"}, {"@_fa": "true", "@ref": "scidir", "@href": "https://www.sciencedirect.com/science/article/pii/S0968090X19305868?dgcid=api_sd_search-api-endpoint"}], "dc:identifier": "DOI:10.1016/j.trc.2020.102619", "prism:url": "https://api.elsevier.com/content/article/pii/S0968090X19305868", "dc:title": "Evaluation and prediction of transportation resilience under extreme weather events: A diffusion graph convolutional approach", "dc:creator": "Hong-Wei Wang", "prism:publicationName": "Transportation Research Part C: Emerging Technologies", "prism:volume": "115", "prism:coverDate": "2020-06-30", "prism:startingPage": "102619", "prism:doi": "10.1016/j.trc.2020.102619", "openaccess": false, "pii": "S0968090X19305868", "authors": {"author": [{"$": "Hong-Wei Wang"}, {"$": "Zhong-Ren Peng"}, {"$": "Qing-Chang Lu"}]}}, {"@_fa": "true", "load-date": "2016-05-19T00:00:00.000Z", "link": [{"@_fa": "true", "@ref": "self", "@href": "https://api.elsevier.com/content/article/pii/S0360319915319868"}, {"@_fa": "true", "@ref": "scidir", "@href": "https://www.sciencedirect.com/science/article/pii/S0360319915319868?dgcid=api_sd_search-api-endpoint"}], "dc:identifier": "DOI:10.1016/j.ijhydene.2016.04.228", "prism:url": "https://api.elsevier.com/content/article/pii/S0360319915319868", "dc:title": "A numerical analysis on the effect of different architectures of membrane, CL and GDL layers on the power and reactant transportation in the square tubular PEMFC", "dc:creator": "Behzad Osanloo", "prism:publicationName": "International Journal of Hydrogen Energy", "prism:volume": "41", "prism:coverDate": "2016-07-06", "prism:startingPage": "10844", "prism:endingPage": "10853", "prism:doi": "10.1016/j.ijhydene.2016.04.228", "openaccess": false, "pii": "S0360319915319868", "authors": {"author": [{"$": "Behzad Osanloo"}, {"$": "Akbar Mohammadi-Ahmar"}, {"$": "Ali Solati"}]}}]