{"coredata": {"prism:url": "https://api.elsevier.com/content/article/pii/B9780128124871000119", "dc:identifier": "doi:10.1016/B978-0-12-812487-1.00011-9", "eid": "3-s2.0-B9780128124871000119", "prism:doi": "10.1016/B978-0-12-812487-1.00011-9", "pii": "B978-0-12-812487-1.00011-9", "dc:title": "11 Robotics ", "prism:publicationName": "Handbook of Electronic Assistive Technology", "prism:aggregationType": "EBook", "pubType": "chp", "prism:isbn": "9780128124871", "prism:startingPage": "311", "prism:endingPage": "345", "prism:pageRange": "311-345", "dcterms:isPartOf": "urn:isbn:978-0-12-812487-1", "dc:format": "application/json", "prism:coverDate": "2019-12-31", "prism:coverDisplayDate": "2019", "prism:copyright": "Copyright \u00a9 2019 Elsevier Ltd. All rights reserved.", "prism:publisher": "Elsevier Ltd.", "dc:creator": [{"@_fa": "true", "$": "Sirlantzis, Konstantinos"}, {"@_fa": "true", "$": "Larsen, Layla Bashir"}, {"@_fa": "true", "$": "Kanumuru, Lakshmi Krisha"}, {"@_fa": "true", "$": "Oprea, Paul"}], "dc:description": "\n               This chapter describes the application of robotics in the field of rehabilitation. It provides an overview of prominent research and commercially available robotic devices for assistive and rehabilitation purposes. The main considerations for the design of rehabilitation robotic devices are discussed. Finally, a number of research directions and future challenges are presented.\n            ", "openaccess": "0", "openaccessArticle": false, "openaccessType": null, "openArchiveArticle": false, "openaccessSponsorName": null, "openaccessSponsorType": null, "openaccessUserLicense": null, "dcterms:subject": [{"@_fa": "true", "$": "Exoskeleton"}, {"@_fa": "true", "$": "Healthcare"}, {"@_fa": "true", "$": "Rehabilitation"}, {"@_fa": "true", "$": "Roboethics"}, {"@_fa": "true", "$": "Robotics"}, {"@_fa": "true", "$": "Social assistive robots"}], "link": [{"@href": "https://api.elsevier.com/content/article/pii/B9780128124871000119", "@rel": "self", "@_fa": "true"}, {"@href": "https://www.sciencedirect.com/science/article/pii/B9780128124871000119", "@rel": "scidir", "@_fa": "true"}]}, "scopus-id": "85081322414", "scopus-eid": "2-s2.0-85081322414", "link": {"@href": "https://api.elsevier.com/content/abstract/scopus_id/85081322414", "@rel": "abstract"}, "originalText": {"xocs:doc": {"xocs:meta": {"xocs:open-access": {"xocs:oa-article-status": {"@is-open-access": "0", "@is-open-archive": "0"}}, "xocs:available-online-date": {"@yyyymmdd": "20181123", "$": "2018-11-23"}}}}}