{"coredata": {"prism:url": "https://api.elsevier.com/content/article/pii/S0196064413014893", "dc:identifier": "doi:10.1016/j.annemergmed.2013.10.015", "eid": "1-s2.0-S0196064413014893", "prism:doi": "10.1016/j.annemergmed.2013.10.015", "pii": "S0196-0644(13)01489-3", "dc:title": "Clinical Policy: Procedural Sedation and Analgesia in the Emergency Department ", "prism:publicationName": "Annals of Emergency Medicine", "prism:aggregationType": "Journal", "pubType": "rev", "prism:issn": "01960644", "prism:volume": "63", "prism:issueIdentifier": "2", "prism:startingPage": "247", "prism:endingPage": "258.e18", "prism:pageRange": "247-258.e18", "prism:number": "2", "dc:format": "application/json", "prism:coverDate": "2014-02-28", "prism:coverDisplayDate": "February 2014", "prism:copyright": "Copyright \u00a9 2014 American College of Emergency Physicians. Published by Mosby, Inc. All rights reserved.", "prism:publisher": "American College of Emergency Physicians. Published by Mosby, Inc.", "dc:creator": [{"@_fa": "true", "$": "Godwin, Steven A."}, {"@_fa": "true", "$": "Burton, John H."}, {"@_fa": "true", "$": "Gerardo, Charles J."}, {"@_fa": "true", "$": "Hatten, Benjamin W."}, {"@_fa": "true", "$": "Mace, Sharon E."}, {"@_fa": "true", "$": "Silvers, Scott M."}, {"@_fa": "true", "$": "Fesmire, Francis M."}], "dc:description": null, "openaccess": "0", "openaccessArticle": false, "openaccessType": null, "openArchiveArticle": false, "openaccessSponsorName": null, "openaccessSponsorType": null, "openaccessUserLicense": null, "link": [{"@href": "https://api.elsevier.com/content/article/pii/S0196064413014893", "@rel": "self", "@_fa": "true"}, {"@href": "https://www.sciencedirect.com/science/article/pii/S0196064413014893", "@rel": "scidir", "@_fa": "true"}]}, "scopus-id": "84897574689", "scopus-eid": "2-s2.0-84897574689", "pubmed-id": "24438649", "link": {"@href": "https://api.elsevier.com/content/abstract/scopus_id/84897574689", "@rel": "abstract"}, "originalText": {"xocs:doc": {"xocs:meta": {"xocs:open-access": {"xocs:oa-article-status": {"@is-open-access": "0", "@is-open-archive": "0"}}, "xocs:available-online-date": {"@yyyymmdd": "20140116", "$": "2014-01-16"}}}}}