{"coredata": {"prism:url": "https://api.elsevier.com/content/article/pii/030439329390025B", "dc:identifier": "doi:10.1016/0304-3932(93)90025-B", "eid": "1-s2.0-030439329390025B", "prism:doi": "10.1016/0304-3932(93)90025-B", "pii": "0304-3932(93)90025-B", "dc:title": "Fiscal policy and economic growth ", "prism:publicationName": "Journal of Monetary Economics", "prism:aggregationType": "Journal", "pubType": "fla", "prism:issn": "03043932", "prism:volume": "32", "prism:issueIdentifier": "3", "prism:startingPage": "417", "prism:endingPage": "458", "prism:pageRange": "417-458", "prism:number": "3", "dc:format": "application/json", "prism:coverDate": "1993-12-31", "prism:coverDisplayDate": "December 1993", "prism:copyright": "Copyright \u00a9 1993 Published by Elsevier B.V.", "prism:publisher": "Published by Elsevier B.V.", "dc:creator": [{"@_fa": "true", "$": "Easterly, William"}, {"@_fa": "true", "$": "Rebelo, Sergio"}], "dc:description": "\n                  This paper describes the empirical regularities relating fiscal policy variables, the level of development, and the rate of growth. We employ historical data, recent cross-section data and newly constructed public investment series. Our main findings are: (i) there is a strong association between the development level and the fiscal structure: poor countries rely heavily on international trade taxes, while income taxes are only important in developed economies; (ii) fiscal policy is influenced by the scale of the economy, measured by its population; (iii) investment in transport and communication is consistently correlated with growth; (iv) the effects of taxation are difficult to isolate empirically.\n               ", "openaccess": "0", "openaccessArticle": false, "openaccessType": null, "openArchiveArticle": false, "openaccessSponsorName": null, "openaccessSponsorType": null, "openaccessUserLicense": null, "dcterms:subject": [{"@_fa": "true", "$": "Growth"}, {"@_fa": "true", "$": "Development"}, {"@_fa": "true", "$": "Fiscal policy"}], "link": [{"@href": "https://api.elsevier.com/content/article/pii/030439329390025B", "@rel": "self", "@_fa": "true"}, {"@href": "https://www.sciencedirect.com/science/article/pii/030439329390025B", "@rel": "scidir", "@_fa": "true"}]}, "scopus-id": "43949166039", "scopus-eid": "2-s2.0-43949166039", "link": {"@href": "https://api.elsevier.com/content/abstract/scopus_id/43949166039", "@rel": "abstract"}, "originalText": {"xocs:doc": {"xocs:meta": {"xocs:open-access": {"xocs:oa-article-status": {"@is-open-access": "0", "@is-open-archive": "0"}}, "xocs:available-online-date": {"@yyyymmdd": "20020305", "$": "2002-03-05"}}}}}