{"coredata": {"prism:url": "https://api.elsevier.com/content/article/pii/S0005109802001693", "dc:identifier": "doi:10.1016/S0005-1098(02)00169-3", "eid": "1-s2.0-S0005109802001693", "prism:doi": "10.1016/S0005-1098(02)00169-3", "pii": "S0005-1098(02)00169-3", "dc:title": "Behavior-Based Robotics Ronald C. Arkin; The MIT Press, Cambridge, MA, 1998", "prism:publicationName": "Automatica", "prism:aggregationType": "Journal", "pubType": "brv", "prism:issn": "00051098", "prism:volume": "38", "prism:issueIdentifier": "12", "prism:startingPage": "2193", "prism:endingPage": "2196", "prism:pageRange": "2193-2196", "prism:number": "12", "dc:format": "application/json", "prism:coverDate": "2002-12-31", "prism:coverDisplayDate": "December 2002", "prism:copyright": "Copyright \u00a9 2002 Elsevier Science Ltd. All rights reserved.", "prism:publisher": "Elsevier Science Ltd.", "dc:creator": [{"@_fa": "true", "$": "E. Bishop, Bradley"}], "dc:description": null, "openaccess": "0", "openaccessArticle": false, "openaccessType": null, "openArchiveArticle": false, "openaccessSponsorName": null, "openaccessSponsorType": null, "openaccessUserLicense": null, "link": [{"@href": "https://api.elsevier.com/content/article/pii/S0005109802001693", "@rel": "self", "@_fa": "true"}, {"@href": "https://www.sciencedirect.com/science/article/pii/S0005109802001693", "@rel": "scidir", "@_fa": "true"}]}, "originalText": {"xocs:doc": {"xocs:meta": {"xocs:open-access": {"xocs:oa-article-status": {"@is-open-access": "0", "@is-open-archive": "0"}}, "xocs:available-online-date": {"@yyyymmdd": "20020924", "$": "2002-09-24"}}}}}