{"coredata": {"prism:url": "https://api.elsevier.com/content/article/pii/S0167779913000632", "dc:identifier": "doi:10.1016/j.tibtech.2013.03.002", "eid": "1-s2.0-S0167779913000632", "prism:doi": "10.1016/j.tibtech.2013.03.002", "pii": "S0167-7799(13)00063-2", "dc:title": "Soft robotics: a bioinspired evolution in robotics ", "prism:publicationName": "Trends in Biotechnology", "prism:aggregationType": "Journal", "pubType": "rev", "prism:issn": "01677799", "prism:volume": "31", "prism:issueIdentifier": "5", "prism:startingPage": "287", "prism:endingPage": "294", "prism:pageRange": "287-294", "prism:number": "5", "dc:format": "application/json", "prism:coverDate": "2013-05-31", "prism:coverDisplayDate": "May 2013", "prism:copyright": "Copyright \u00a9 2013 Elsevier Ltd. All rights reserved.", "prism:publisher": "Elsevier Ltd.", "dc:creator": [{"@_fa": "true", "$": "Kim, Sangbae"}, {"@_fa": "true", "$": "Laschi, Cecilia"}, {"@_fa": "true", "$": "Trimmer, Barry"}], "dc:description": "\n                  Animals exploit soft structures to move effectively in complex natural environments. These capabilities have inspired robotic engineers to incorporate soft technologies into their designs. The goal is to endow robots with new, bioinspired capabilities that permit adaptive, flexible interactions with unpredictable environments. Here, we review emerging soft-bodied robotic systems, and in particular recent developments inspired by soft-bodied animals. Incorporating soft technologies can potentially reduce the mechanical and algorithmic complexity involved in robot design. Incorporating soft technologies will also expedite the evolution of robots that can safely interact with humans and natural environments. Finally, soft robotics technology can be combined with tissue engineering to create hybrid systems for medical applications.\n               ", "openaccess": "0", "openaccessArticle": false, "openaccessType": null, "openArchiveArticle": false, "openaccessSponsorName": null, "openaccessSponsorType": null, "openaccessUserLicense": null, "dcterms:subject": [{"@_fa": "true", "$": "bio-inspired robot"}, {"@_fa": "true", "$": "soft robotics"}], "link": [{"@href": "https://api.elsevier.com/content/article/pii/S0167779913000632", "@rel": "self", "@_fa": "true"}, {"@href": "https://www.sciencedirect.com/science/article/pii/S0167779913000632", "@rel": "scidir", "@_fa": "true"}]}, "scopus-id": "84876723097", "scopus-eid": "2-s2.0-84876723097", "pubmed-id": "23582470", "link": {"@href": "https://api.elsevier.com/content/abstract/scopus_id/84876723097", "@rel": "abstract"}, "originalText": {"xocs:doc": {"xocs:meta": {"xocs:open-access": {"xocs:oa-article-status": {"@is-open-access": "0", "@is-open-archive": "0"}}, "xocs:available-online-date": {"@yyyymmdd": "20130412", "$": "2013-04-12"}}}}}