{"coredata": {"prism:url": "https://api.elsevier.com/content/article/pii/S1544612318303672", "dc:identifier": "doi:10.1016/j.frl.2018.09.004", "eid": "1-s2.0-S1544612318303672", "prism:doi": "10.1016/j.frl.2018.09.004", "pii": "S1544-6123(18)30367-2", "dc:title": "Economic policy uncertainty, prudential regulation and bank lending ", "prism:publicationName": "Finance Research Letters", "prism:aggregationType": "Journal", "pubType": "fla", "prism:issn": "15446123", "prism:volume": "29", "prism:startingPage": "373", "prism:endingPage": "378", "prism:pageRange": "373-378", "dc:format": "application/json", "prism:coverDate": "2019-06-30", "prism:coverDisplayDate": "June 2019", "prism:copyright": "\u00a9 2018 Elsevier Inc. All rights reserved.", "prism:publisher": "Elsevier Inc.", "dc:creator": [{"@_fa": "true", "$": "Hu, Shiwei"}, {"@_fa": "true", "$": "Gong, Di"}], "dc:description": "\n                  This paper empirically tests the theories concerning bank lending, economic policy uncertainty (EPU), and national prudential regulations. Using bank level data in 19 major economies, we find that EPU significantly hinders the growth of bank credit, but the effect varies across banks. In particular, the negative effect of EPU on loan growth is greater for larger-sized banks and riskier banks, while weaker for more liquid banks and more diversified banks. In addition, the impact of EPU on bank lending depends critically on national prudential regulations, such that the negative effect appears to be alleviated by both macroprudential and microprudential policies.\n               ", "openaccess": "0", "openaccessArticle": false, "openaccessType": null, "openArchiveArticle": false, "openaccessSponsorName": null, "openaccessSponsorType": null, "openaccessUserLicense": null, "dcterms:subject": [{"@_fa": "true", "$": "Economic policy uncertainty"}, {"@_fa": "true", "$": "Prudential regulation"}, {"@_fa": "true", "$": "Macroprudential policies"}, {"@_fa": "true", "$": "Bank lending"}], "link": [{"@href": "https://api.elsevier.com/content/article/pii/S1544612318303672", "@rel": "self", "@_fa": "true"}, {"@href": "https://www.sciencedirect.com/science/article/pii/S1544612318303672", "@rel": "scidir", "@_fa": "true"}]}, "scopus-id": "85053840757", "scopus-eid": "2-s2.0-85053840757", "link": {"@href": "https://api.elsevier.com/content/abstract/scopus_id/85053840757", "@rel": "abstract"}, "originalText": {"xocs:doc": {"xocs:meta": {"xocs:open-access": {"xocs:oa-article-status": {"@is-open-access": "0", "@is-open-archive": "0"}}, "xocs:available-online-date": {"@yyyymmdd": "20180910", "$": "2018-09-10"}}}}}