[{"@_fa": "true", "load-date": "2016-07-20T00:00:00.000Z", "link": [{"@_fa": "true", "@ref": "self", "@href": "https://api.elsevier.com/content/article/pii/S0168165616306113"}, {"@_fa": "true", "@ref": "scidir", "@href": "https://www.sciencedirect.com/science/article/pii/S0168165616306113?dgcid=api_sd_search-api-endpoint"}], "dc:identifier": "DOI:10.1016/j.jbiotec.2016.05.348", "prism:url": "https://api.elsevier.com/content/article/pii/S0168165616306113", "dc:title": "An approach in biotechnology education \u2013 Laboratory for medical rehabilitation robots, assistive care and tele-robots", "dc:creator": "Sanda Victorinne Paturca", "prism:publicationName": "Journal of Biotechnology", "prism:volume": "231", "prism:coverDate": "2016-08-10", "prism:startingPage": "s99", "prism:doi": "10.1016/j.jbiotec.2016.05.348", "openaccess": false, "pii": "S0168165616306113", "authors": {"author": [{"$": "Sanda Victorinne Paturca"}, {"$": "Daniel Petre"}, {"$": "Valeriu Bostan"}]}}, {"@_fa": "true", "load-date": "2015-07-18T00:00:00.000Z", "link": [{"@_fa": "true", "@ref": "self", "@href": "https://api.elsevier.com/content/article/pii/S0168165615003892"}, {"@_fa": "true", "@ref": "scidir", "@href": "https://www.sciencedirect.com/science/article/pii/S0168165615003892?dgcid=api_sd_search-api-endpoint"}], "dc:identifier": "DOI:10.1016/j.jbiotec.2015.06.143", "prism:url": "https://api.elsevier.com/content/article/pii/S0168165615003892", "dc:title": "The integration of robotic technology into biotechnology education", "dc:creator": "Gabriela Gladiola Andruseac", "prism:publicationName": "Journal of Biotechnology", "prism:volume": "208", "prism:coverDate": "2015-08-20", "prism:startingPage": "s49", "prism:doi": "10.1016/j.jbiotec.2015.06.143", "openaccess": false, "pii": "S0168165615003892", "authors": {"author": [{"$": "Gabriela Gladiola Andruseac"}, {"$": "M\u0103d\u0103lina Po\u015ftaru"}, {"$": "Anca Irina Galaction"}]}}, {"@_fa": "true", "load-date": "2016-07-20T00:00:00.000Z", "link": [{"@_fa": "true", "@ref": "self", "@href": "https://api.elsevier.com/content/article/pii/S0168165616304746"}, {"@_fa": "true", "@ref": "scidir", "@href": "https://www.sciencedirect.com/science/article/pii/S0168165616304746?dgcid=api_sd_search-api-endpoint"}], "dc:identifier": "DOI:10.1016/j.jbiotec.2016.05.211", "prism:url": "https://api.elsevier.com/content/article/pii/S0168165616304746", "dc:title": "Using hands-on robotic projects to engage undergraduate students in collaborative problem solving on biotechnology issues", "dc:creator": "Gabriela Gladiola Andruseac", "prism:publicationName": "Journal of Biotechnology", "prism:volume": "231", "prism:coverDate": "2016-08-10", "prism:startingPage": "s56", "prism:doi": "10.1016/j.jbiotec.2016.05.211", "openaccess": false, "pii": "S0168165616304746", "authors": {"author": "Gabriela Gladiola Andruseac"}}, {"@_fa": "true", "load-date": "2020-12-05T00:00:00.000Z", "link": [{"@_fa": "true", "@ref": "self", "@href": "https://api.elsevier.com/content/article/pii/S1742706120307078"}, {"@_fa": "true", "@ref": "scidir", "@href": "https://www.sciencedirect.com/science/article/pii/S1742706120307078?dgcid=api_sd_search-api-endpoint"}], "dc:identifier": "DOI:10.1016/j.actbio.2020.12.002", "prism:url": "https://api.elsevier.com/content/article/pii/S1742706120307078", "dc:title": "Recent progress in engineering functional biohybrid robots actuated by living cells", "dc:creator": "Lin Gao", "prism:publicationName": "Acta Biomaterialia", "prism:volume": "121", "prism:coverDate": "2021-02-28", "prism:startingPage": "29", "prism:endingPage": "40", "prism:doi": "10.1016/j.actbio.2020.12.002", "openaccess": false, "pii": "S1742706120307078", "authors": {"author": [{"$": "Lin Gao"}, {"$": "M. Usman Akhtar"}, {"$": "Dichen Li"}]}}, {"@_fa": "true", "load-date": "2020-09-06T00:00:00.000Z", "link": [{"@_fa": "true", "@ref": "self", "@href": "https://api.elsevier.com/content/article/pii/S1322769620301049"}, {"@_fa": "true", "@ref": "scidir", "@href": "https://www.sciencedirect.com/science/article/pii/S1322769620301049?dgcid=api_sd_search-api-endpoint"}], "dc:identifier": "DOI:10.1016/j.colegn.2020.07.005", "prism:url": "https://api.elsevier.com/content/article/pii/S1322769620301049", "dc:title": "The robots are here, but are nurse educators prepared?", "dc:creator": "Margaret McAllister", "prism:publicationName": "Collegian", "prism:coverDate": "2020-09-06", "prism:doi": "10.1016/j.colegn.2020.07.005", "openaccess": false, "pii": "S1322769620301049", "authors": {"author": [{"$": "Margaret McAllister"}, {"$": "Krystle Kellenbourn"}, {"$": "Denise Wood"}]}}, {"@_fa": "true", "load-date": "2021-01-06T00:00:00.000Z", "link": [{"@_fa": "true", "@ref": "self", "@href": "https://api.elsevier.com/content/article/pii/S2666386420303210"}, {"@_fa": "true", "@ref": "scidir", "@href": "https://www.sciencedirect.com/science/article/pii/S2666386420303210?dgcid=api_sd_search-api-endpoint"}], "dc:identifier": "DOI:10.1016/j.xcrp.2020.100295", "prism:url": "https://api.elsevier.com/content/article/pii/S2666386420303210", "dc:title": "Optimization of Formulations Using Robotic Experiments Driven by Machine Learning DoE", "dc:creator": "Liwei Cao", "prism:publicationName": "Cell Reports Physical Science", "prism:volume": "2", "prism:coverDate": "2021-01-20", "prism:startingPage": "100295", "prism:doi": "10.1016/j.xcrp.2020.100295", "openaccess": true, "pii": "S2666386420303210", "authors": {"author": [{"$": "Liwei Cao"}, {"$": "Danilo Russo"}, {"$": "Alexei A. Lapkin"}]}}, {"@_fa": "true", "load-date": "2020-11-18T00:00:00.000Z", "link": [{"@_fa": "true", "@ref": "self", "@href": "https://api.elsevier.com/content/article/pii/S030228382030854X"}, {"@_fa": "true", "@ref": "scidir", "@href": "https://www.sciencedirect.com/science/article/pii/S030228382030854X?dgcid=api_sd_search-api-endpoint"}], "dc:identifier": "DOI:10.1016/j.eururo.2020.10.034", "prism:url": "https://api.elsevier.com/content/article/pii/S030228382030854X", "dc:title": "Robot-assisted Radical Nephrectomy: A Systematic Review and Meta-analysis of Comparative Studies", "dc:creator": "Fabio Crocerossa", "prism:publicationName": "European Urology", "prism:coverDate": "2020-11-18", "prism:doi": "10.1016/j.eururo.2020.10.034", "openaccess": false, "pii": "S030228382030854X", "authors": {"author": [{"$": "Fabio Crocerossa"}, {"$": "Umberto Carbonara"}, {"$": "Riccardo Autorino"}]}}, {"@_fa": "true", "load-date": "2020-11-25T00:00:00.000Z", "link": [{"@_fa": "true", "@ref": "self", "@href": "https://api.elsevier.com/content/article/pii/S209012322030237X"}, {"@_fa": "true", "@ref": "scidir", "@href": "https://www.sciencedirect.com/science/article/pii/S209012322030237X?dgcid=api_sd_search-api-endpoint"}], "dc:identifier": "DOI:10.1016/j.jare.2020.11.011", "prism:url": "https://api.elsevier.com/content/article/pii/S209012322030237X", "dc:title": "Robotic <ce:italic>in situ</ce:italic> 3D bio-printing technology for repairing large segmental bone defects", "dc:creator": "Lan Li", "prism:publicationName": "Journal of Advanced Research", "prism:coverDate": "2020-11-25", "prism:doi": "10.1016/j.jare.2020.11.011", "openaccess": true, "pii": "S209012322030237X", "authors": {"author": [{"$": "Lan Li"}, {"$": "Jianping Shi"}, {"$": "Qing Jiang"}]}}, {"@_fa": "true", "load-date": "2021-01-30T00:00:00.000Z", "link": [{"@_fa": "true", "@ref": "self", "@href": "https://api.elsevier.com/content/article/pii/S0972978X21000106"}, {"@_fa": "true", "@ref": "scidir", "@href": "https://www.sciencedirect.com/science/article/pii/S0972978X21000106?dgcid=api_sd_search-api-endpoint"}], "dc:identifier": "DOI:10.1016/j.jor.2021.01.010", "prism:url": "https://api.elsevier.com/content/article/pii/S0972978X21000106", "dc:title": "Report on a novel bone registration method: A rapid, accurate, and radiation-free technique for computer- and robotic-assisted orthopedic surgeries", "dc:creator": "Guangyu He", "prism:publicationName": "Journal of Orthopaedics", "prism:volume": "23", "prism:coverDate": "2021-02-28", "prism:startingPage": "227", "prism:endingPage": "232", "prism:doi": "10.1016/j.jor.2021.01.010", "openaccess": false, "pii": "S0972978X21000106", "authors": {"author": [{"$": "Guangyu He"}, {"$": "Vamiq M. Mustahsan"}, {"$": "Fazel A. Khan"}]}}, {"@_fa": "true", "load-date": "2021-03-09T00:00:00.000Z", "link": [{"@_fa": "true", "@ref": "self", "@href": "https://api.elsevier.com/content/article/pii/S0016510721000146"}, {"@_fa": "true", "@ref": "scidir", "@href": "https://www.sciencedirect.com/science/article/pii/S0016510721000146?dgcid=api_sd_search-api-endpoint"}], "dc:identifier": "DOI:10.1016/j.gie.2020.12.049", "prism:url": "https://api.elsevier.com/content/article/pii/S0016510721000146", "dc:title": "<ce:marker\u00a0name=edit\u00a0alt=Commentary on preceding article\u00a0altimg-small=edit_s.svg\u00a0altimg=edit_o.svg></ce:marker>Expanding a new frontier: endoscopic submucosal dissection by use of a robotic endoluminal system", "dc:creator": "Sehrish Jamot", "prism:publicationName": "Gastrointestinal Endoscopy", "prism:coverDate": "2021-03-09", "prism:doi": "10.1016/j.gie.2020.12.049", "openaccess": false, "pii": "S0016510721000146", "authors": {"author": [{"$": "Sehrish Jamot"}, {"$": "Richard Rothstein"}]}}, {"@_fa": "true", "load-date": "2020-07-01T00:00:00.000Z", "link": [{"@_fa": "true", "@ref": "self", "@href": "https://api.elsevier.com/content/article/pii/S1959756820300432"}, {"@_fa": "true", "@ref": "scidir", "@href": "https://www.sciencedirect.com/science/article/pii/S1959756820300432?dgcid=api_sd_search-api-endpoint"}], "dc:identifier": "DOI:10.1016/j.irbmnw.2020.100253", "prism:url": "https://api.elsevier.com/content/article/pii/S1959756820300432", "dc:title": "M\u00e9dicaments anticanc\u00e9reux. Confinez-les\u00a0! Isolateurs ou robots\u00a0?", "dc:creator": "A. Trompette", "prism:publicationName": "IRBM News", "prism:volume": "41", "prism:coverDate": "2020-08-31", "prism:startingPage": "100253", "prism:doi": "10.1016/j.irbmnw.2020.100253", "openaccess": false, "pii": "S1959756820300432", "authors": {"author": "A. Trompette"}}, {"@_fa": "true", "load-date": "2020-07-09T00:00:00.000Z", "link": [{"@_fa": "true", "@ref": "self", "@href": "https://api.elsevier.com/content/article/pii/S0012369220318705"}, {"@_fa": "true", "@ref": "scidir", "@href": "https://www.sciencedirect.com/science/article/pii/S0012369220318705?dgcid=api_sd_search-api-endpoint"}], "dc:identifier": "DOI:10.1016/j.chest.2020.06.068", "prism:url": "https://api.elsevier.com/content/article/pii/S0012369220318705", "dc:title": "<ce:marker\u00a0name=chestabs\u00a0alt=Visual Abstract\u00a0altimg-small=chestabs_s.svg\u00a0altimg=chestabs_o.svg></ce:marker>Feasibility of a 5G-Based Robot-Assisted Remote Ultrasound System for Cardiopulmonary Assessment of Patients With Coronavirus Disease 2019", "dc:creator": "Ruizhong Ye", "prism:publicationName": "Chest", "prism:volume": "159", "prism:coverDate": "2021-01-31", "prism:startingPage": "270", "prism:endingPage": "281", "prism:doi": "10.1016/j.chest.2020.06.068", "openaccess": true, "pii": "S0012369220318705", "authors": {"author": [{"$": "Ruizhong Ye"}, {"$": "Xianlong Zhou"}, {"$": "Legao Chen"}]}}, {"@_fa": "true", "load-date": "2018-09-15T00:00:00.000Z", "link": [{"@_fa": "true", "@ref": "self", "@href": "https://api.elsevier.com/content/article/pii/S0748798318312964"}, {"@_fa": "true", "@ref": "scidir", "@href": "https://www.sciencedirect.com/science/article/pii/S0748798318312964?dgcid=api_sd_search-api-endpoint"}], "dc:identifier": "DOI:10.1016/j.ejso.2018.08.021", "prism:url": "https://api.elsevier.com/content/article/pii/S0748798318312964", "dc:title": "Laparoscopic versus robotic hysterectomy in obese and extremely obese patients with endometrial cancer: A multi-institutional analysis", "dc:creator": "Giacomo Corrado", "prism:publicationName": "European Journal of Surgical Oncology", "prism:volume": "44", "prism:coverDate": "2018-12-31", "prism:startingPage": "1935", "prism:endingPage": "1941", "prism:doi": "10.1016/j.ejso.2018.08.021", "openaccess": false, "pii": "S0748798318312964", "authors": {"author": [{"$": "Giacomo Corrado"}, {"$": "Enrico Vizza"}, {"$": "Giovanni Scambia"}]}}, {"@_fa": "true", "load-date": "2020-01-28T00:00:00.000Z", "link": [{"@_fa": "true", "@ref": "self", "@href": "https://api.elsevier.com/content/article/pii/S2090123220300102"}, {"@_fa": "true", "@ref": "scidir", "@href": "https://www.sciencedirect.com/science/article/pii/S2090123220300102?dgcid=api_sd_search-api-endpoint"}], "dc:identifier": "DOI:10.1016/j.jare.2020.01.010", "prism:url": "https://api.elsevier.com/content/article/pii/S2090123220300102", "dc:title": "Application of robotic-assisted <ce:italic>in situ</ce:italic> 3D printing in cartilage regeneration with HAMA hydrogel: An <ce:italic>in vivo</ce:italic> study", "dc:creator": "Kaiwei Ma", "prism:publicationName": "Journal of Advanced Research", "prism:volume": "23", "prism:coverDate": "2020-05-31", "prism:startingPage": "123", "prism:endingPage": "132", "prism:doi": "10.1016/j.jare.2020.01.010", "openaccess": true, "pii": "S2090123220300102", "authors": {"author": [{"$": "Kaiwei Ma"}, {"$": "Tianzheng Zhao"}, {"$": "Xingsong Wang"}]}}, {"@_fa": "true", "load-date": "2020-10-30T00:00:00.000Z", "link": [{"@_fa": "true", "@ref": "self", "@href": "https://api.elsevier.com/content/article/pii/S2590006420300454"}, {"@_fa": "true", "@ref": "scidir", "@href": "https://www.sciencedirect.com/science/article/pii/S2590006420300454?dgcid=api_sd_search-api-endpoint"}], "dc:identifier": "DOI:10.1016/j.mtbio.2020.100085", "prism:url": "https://api.elsevier.com/content/article/pii/S2590006420300454", "dc:title": "Micro/nanoscale magnetic robots for biomedical applications", "dc:creator": "M. Koleoso", "prism:publicationName": "Materials Today Bio", "prism:volume": "8", "prism:coverDate": "2020-09-30", "prism:startingPage": "100085", "prism:doi": "10.1016/j.mtbio.2020.100085", "openaccess": true, "pii": "S2590006420300454", "authors": {"author": [{"$": "M. Koleoso"}, {"$": "X. Feng"}, {"$": "X. Chen"}]}}, {"@_fa": "true", "load-date": "2020-06-13T00:00:00.000Z", "link": [{"@_fa": "true", "@ref": "self", "@href": "https://api.elsevier.com/content/article/pii/S2212827120304972"}, {"@_fa": "true", "@ref": "scidir", "@href": "https://www.sciencedirect.com/science/article/pii/S2212827120304972?dgcid=api_sd_search-api-endpoint"}], "dc:identifier": "DOI:10.1016/j.procir.2020.05.134", "prism:url": "https://api.elsevier.com/content/article/pii/S2212827120304972", "dc:title": "Design of a biohybrid robot by mimicking the gait mechanism of Aplysia californica", "dc:creator": "M. Usman Akhtar", "prism:publicationName": "Procedia CIRP", "prism:volume": "89", "prism:coverDate": "2020-12-31", "prism:startingPage": "154", "prism:endingPage": "158", "prism:doi": "10.1016/j.procir.2020.05.134", "openaccess": true, "pii": "S2212827120304972", "authors": {"author": [{"$": "M. Usman Akhtar"}, {"$": "Lin Gao"}, {"$": "Dichen Li"}]}}, {"@_fa": "true", "load-date": "2019-10-25T00:00:00.000Z", "link": [{"@_fa": "true", "@ref": "self", "@href": "https://api.elsevier.com/content/article/pii/S1877050919312748"}, {"@_fa": "true", "@ref": "scidir", "@href": "https://www.sciencedirect.com/science/article/pii/S1877050919312748?dgcid=api_sd_search-api-endpoint"}], "dc:identifier": "DOI:10.1016/j.procs.2019.09.104", "prism:url": "https://api.elsevier.com/content/article/pii/S1877050919312748", "dc:title": "Industry 5.0 and Human-Robot Co-working", "dc:creator": "Kadir Alpaslan Demir", "prism:publicationName": "Procedia Computer Science", "prism:volume": "158", "prism:coverDate": "2019-12-31", "prism:startingPage": "688", "prism:endingPage": "695", "prism:doi": "10.1016/j.procs.2019.09.104", "openaccess": true, "pii": "S1877050919312748", "authors": {"author": [{"$": "Kadir Alpaslan Demir"}, {"$": "G\u00f6zde D\u00f6ven"}, {"$": "B\u00fclent Sezen"}]}}, {"@_fa": "true", "load-date": "2019-10-04T00:00:00.000Z", "link": [{"@_fa": "true", "@ref": "self", "@href": "https://api.elsevier.com/content/article/pii/S2214860419308243"}, {"@_fa": "true", "@ref": "scidir", "@href": "https://www.sciencedirect.com/science/article/pii/S2214860419308243?dgcid=api_sd_search-api-endpoint"}], "dc:identifier": "DOI:10.1016/j.addma.2019.100906", "prism:url": "https://api.elsevier.com/content/article/pii/S2214860419308243", "dc:title": "Research on large-scale additive manufacturing based on multi-robot collaboration technology", "dc:creator": "Hongyao Shen", "prism:publicationName": "Additive Manufacturing", "prism:volume": "30", "prism:coverDate": "2019-12-31", "prism:startingPage": "100906", "prism:doi": "10.1016/j.addma.2019.100906", "openaccess": false, "pii": "S2214860419308243", "authors": {"author": [{"$": "Hongyao Shen"}, {"$": "Lingnan Pan"}, {"$": "Jun Qian"}]}}, {"@_fa": "true", "load-date": "2018-12-15T00:00:00.000Z", "link": [{"@_fa": "true", "@ref": "self", "@href": "https://api.elsevier.com/content/article/pii/S2452072117300564"}, {"@_fa": "true", "@ref": "scidir", "@href": "https://www.sciencedirect.com/science/article/pii/S2452072117300564?dgcid=api_sd_search-api-endpoint"}], "dc:identifier": "DOI:10.1016/j.biori.2018.11.003", "prism:url": "https://api.elsevier.com/content/article/pii/S2452072117300564", "dc:title": "Brain signal evaluation of children with Autism Spectrum Disorder in the interaction with a social robot", "dc:creator": "Christiane Goulart", "prism:publicationName": "Biotechnology Research and Innovation", "prism:volume": "3", "prism:coverDate": "2019-06-30", "prism:startingPage": "60", "prism:endingPage": "68", "prism:doi": "10.1016/j.biori.2018.11.003", "openaccess": true, "pii": "S2452072117300564", "authors": {"author": [{"$": "Christiane Goulart"}, {"$": "Carlos Valad\u00e3o"}, {"$": "Teodiano Bastos"}]}}, {"@_fa": "true", "load-date": "2019-06-08T00:00:00.000Z", "link": [{"@_fa": "true", "@ref": "self", "@href": "https://api.elsevier.com/content/article/pii/S217357941930091X"}, {"@_fa": "true", "@ref": "scidir", "@href": "https://www.sciencedirect.com/science/article/pii/S217357941930091X?dgcid=api_sd_search-api-endpoint"}], "dc:identifier": "DOI:10.1016/j.oftale.2019.04.002", "prism:url": "https://api.elsevier.com/content/article/pii/S217357941930091X", "dc:title": "Artificial intelligence, robotics and cyborgs: The future of research and technological development in ophthalmology", "dc:creator": "J. \u00c1. Fern\u00e1ndez-Vigo", "prism:publicationName": "Archivos de la Sociedad Espa\u00f1ola de Oftalmolog\u00eda (English Edition)", "prism:volume": "94", "prism:coverDate": "2019-07-31", "prism:startingPage": "313", "prism:endingPage": "315", "prism:doi": "10.1016/j.oftale.2019.04.002", "openaccess": false, "pii": "S217357941930091X", "authors": {"author": [{"$": "J. \u00c1. Fern\u00e1ndez-Vigo"}, {"$": "J. I. Fern\u00e1ndez-Vigo"}, {"$": "B. Kudsieh"}]}}, {"@_fa": "true", "load-date": "2020-03-03T00:00:00.000Z", "link": [{"@_fa": "true", "@ref": "self", "@href": "https://api.elsevier.com/content/article/pii/S2211034820301103"}, {"@_fa": "true", "@ref": "scidir", "@href": "https://www.sciencedirect.com/science/article/pii/S2211034820301103?dgcid=api_sd_search-api-endpoint"}], "dc:identifier": "DOI:10.1016/j.msard.2020.102034", "prism:url": "https://api.elsevier.com/content/article/pii/S2211034820301103", "dc:title": "Efficacy of robot-assisted gait training in multiple sclerosis: A systematic review and meta-analysis", "dc:creator": "Shu-Wei Yeh", "prism:publicationName": "Multiple Sclerosis and Related Disorders", "prism:volume": "41", "prism:coverDate": "2020-06-30", "prism:startingPage": "102034", "prism:doi": "10.1016/j.msard.2020.102034", "openaccess": false, "pii": "S2211034820301103", "authors": {"author": [{"$": "Shu-Wei Yeh"}, {"$": "Li-Fong Lin"}, {"$": "Yi-Chun Kuan"}]}}, {"@_fa": "true", "load-date": "2020-10-21T00:00:00.000Z", "link": [{"@_fa": "true", "@ref": "self", "@href": "https://api.elsevier.com/content/article/pii/S0167779920302432"}, {"@_fa": "true", "@ref": "scidir", "@href": "https://www.sciencedirect.com/science/article/pii/S0167779920302432?dgcid=api_sd_search-api-endpoint"}], "dc:identifier": "DOI:10.1016/j.tibtech.2020.09.006", "prism:url": "https://api.elsevier.com/content/article/pii/S0167779920302432", "dc:title": "Biotechnology for Tomorrow\u2019s World: Scenarios to Guide Directions for Future Innovation", "dc:creator": "Marc Cornelissen", "prism:publicationName": "Trends in Biotechnology", "prism:coverDate": "2020-10-21", "prism:doi": "10.1016/j.tibtech.2020.09.006", "openaccess": true, "pii": "S0167779920302432", "authors": {"author": [{"$": "Marc Cornelissen"}, {"$": "Aleksandra Ma\u0142yska"}, {"$": "Alexandra Baekelandt"}]}}, {"@_fa": "true", "load-date": "2020-07-24T00:00:00.000Z", "link": [{"@_fa": "true", "@ref": "self", "@href": "https://api.elsevier.com/content/article/pii/S0302283820305443"}, {"@_fa": "true", "@ref": "scidir", "@href": "https://www.sciencedirect.com/science/article/pii/S0302283820305443?dgcid=api_sd_search-api-endpoint"}], "dc:identifier": "DOI:10.1016/j.eururo.2020.07.012", "prism:url": "https://api.elsevier.com/content/article/pii/S0302283820305443", "dc:title": "Extraperitoneal Radical Prostatectomy with the Senhance Robotic Platform: First 40 Cases", "dc:creator": "Zeljko Kastelan", "prism:publicationName": "European Urology", "prism:volume": "78", "prism:coverDate": "2020-12-31", "prism:startingPage": "932", "prism:endingPage": "934", "prism:doi": "10.1016/j.eururo.2020.07.012", "openaccess": false, "pii": "S0302283820305443", "authors": {"author": [{"$": "Zeljko Kastelan"}, {"$": "Tvrtko Hudolin"}, {"$": "Nikola Knezevic"}]}}, {"@_fa": "true", "load-date": "2020-05-21T00:00:00.000Z", "link": [{"@_fa": "true", "@ref": "self", "@href": "https://api.elsevier.com/content/article/pii/S0168169919324172"}, {"@_fa": "true", "@ref": "scidir", "@href": "https://www.sciencedirect.com/science/article/pii/S0168169919324172?dgcid=api_sd_search-api-endpoint"}], "dc:identifier": "DOI:10.1016/j.compag.2020.105472", "prism:url": "https://api.elsevier.com/content/article/pii/S0168169919324172", "dc:title": "Extracting the navigation path of a<ce:hsp\u00a0sp=0.25></ce:hsp>tomato-cucumber<ce:hsp\u00a0sp=0.25></ce:hsp>greenhouse robot based on a median point Hough transform", "dc:creator": "Jiqing Chen", "prism:publicationName": "Computers and Electronics in Agriculture", "prism:volume": "174", "prism:coverDate": "2020-07-31", "prism:startingPage": "105472", "prism:doi": "10.1016/j.compag.2020.105472", "openaccess": false, "pii": "S0168169919324172", "authors": {"author": [{"$": "Jiqing Chen"}, {"$": "Hu Qiang"}, {"$": "Xu Liu"}]}}, {"@_fa": "true", "load-date": "2018-09-19T00:00:00.000Z", "link": [{"@_fa": "true", "@ref": "self", "@href": "https://api.elsevier.com/content/article/pii/S0040162517318929"}, {"@_fa": "true", "@ref": "scidir", "@href": "https://www.sciencedirect.com/science/article/pii/S0040162517318929?dgcid=api_sd_search-api-endpoint"}], "dc:identifier": "DOI:10.1016/j.techfore.2018.09.005", "prism:url": "https://api.elsevier.com/content/article/pii/S0040162517318929", "dc:title": "Identifying technology convergence in the field of robotics research", "dc:creator": "Toshihiro Kose", "prism:publicationName": "Technological Forecasting and Social Change", "prism:volume": "146", "prism:coverDate": "2019-09-30", "prism:startingPage": "751", "prism:endingPage": "766", "prism:doi": "10.1016/j.techfore.2018.09.005", "openaccess": false, "pii": "S0040162517318929", "authors": {"author": [{"$": "Toshihiro Kose"}, {"$": "Ichiro Sakata"}]}}]